1,Speker Simbadda,Baik,Speaker Merk Simbadda High Volume,100,1,2019-04-03,1,AF,1,3;;;;;;
2,Proyektor ESEMKA,Baik,Proyektor BOS 2018,75,1,2019-04-01,1,RF,1,1;;;;;;
3,MIC Djabesmen,Baik,Microphone Portable,63,1,2019-04-04,1,GG,1,3;;;;;;
4,Terminal Kuningan,Baik,Terminal 4 Port Panjang 3 Meter,84,1,2019-04-04,1,GS,1,3;;;;;;
5,Adapter LAN Port USB,Baik,Adapter Laptop Yang Tidak Memiliki Port Untuk Lan,30,1,2019-04-04,1,LN,1,2;;;;;;
6,1 Koper Tool Kits,Baik, Koper Yang Berisi Perlatan-Peralatan Kerja,8,1,2019-04-04,1,VG,1,3;;;;;;
7,Sapu SUPREME,Baik,Sapu Merk SUPREME Dengan Gagang Berbahan Emas,1,2,2019-04-04,2,LD,1,3;;;;;;
8,Pengki OFF-White,Baik,Pengki OFF-White Import Langsung Dari Amerika,1,2,2019-04-04,2,BD,1,3;;;;;;
9,Gunting Rumput Besar,Baik,Gunting Untuk Memotong Rumput,24,2,2019-04-04,2,VF,1,3;;;;;;
;;;;;;
